<?xml version="1.0" encoding="UTF-8"?> <Case-Studies>   <Case-Study name="Forest Macrogroups of the Americas: '1.B.2.Ee.658 - Valdivian Montane and Upper Montane Evergreen Forest'" id="FerrerParis_Continental_ForestMacrogroup_2017_57">     <Case-Study-Names>       <Case-Study-Name lang="en">Forest Macrogroups of the Americas: '1.B.2.Ee.658 - Valdivian Montane and Upper Montane Evergreen Forest'</Case-Study-Name>     </Case-Study-Names>     <Scope>       <Scope-descriptions>         <Scope-description lang="en">The risk assessment covered the entire distribution of the assessment target as described by the classification scheme and distribution maps available.</Scope-description>       </Scope-descriptions>       <Scope-classification id="IUCN Scope" version="1.0" selected="no" assigned-by="JRFEP">         <Scope-classification-element level="1">1. Global</Scope-classification-element>       </Scope-classification>     </Scope>     <Assessment-type>Systematic</Assessment-type>     <Assessment-Information date="2020-04-30" reviewer="Rsaurio" status="auto-generated-test" load="false">       <ref-label>FerrerParis_Continental_ForestMacrogroup_2017</ref-label>       <Assessment-date>2018-10-15</Assessment-date>       <Assessment-authors>         <Author>JR Ferrer-Paris</Author>         <Author>I Zager</Author>       </Assessment-authors>       <Assessment-collaborators>         <Collaborator>C. Josse</Collaborator>         <Collaborator>M. A. Oliveira‐Miranda</Collaborator>         <Collaborator>M. González‐Gil</Collaborator>         <Collaborator>D. Velarde</Collaborator>         <Collaborator>G. C. De La Cruz-Melo</Collaborator>         <Collaborator>E. Primiciero</Collaborator>       </Assessment-collaborators>       <Assessment-reviewers>         <Reviewer/>       </Assessment-reviewers>       <Assessment-Keywords>         <Keyword>Woodlands</Keyword>         <Keyword>Climate change</Keyword>         <Keyword>Defaunation</Keyword>         <Keyword>Anthromes</Keyword>         <Keyword>Surface water</Keyword>       </Assessment-Keywords>     </Assessment-Information>     <Assessment-Target date="2020-04-30" updated-by="Rsaurio" status="auto-generated-test">       <AT-id>MESO_Coastal_Plain_Swamp_57</AT-id>       <AT-descriptions>         <AT-description lang="en">The '1.B.2.Ee.658 - Valdivian Montane and Upper Montane Evergreen Forest' is a forest macrogroup belonging to the '1.B.2.Ee Valdivian Cool Temperate Forest' division in the International Vegetation Classification system (Faber-Langendoen et al. 2014). It is considered here as a proxy for a forest ecosystem type in a regional assessment of forest ecosystems in the Americas.</AT-description>       </AT-descriptions>       <AT-names>         <AT-name lang="en">1.B.2.Ee.658 - Valdivian Montane and Upper Montane Evergreen Forest</AT-name>       </AT-names>       <Characteristic-biota>         <Biota-Summaries>           <Biota-Summary lang="en">A list of 31 characteristic species was extracted from descriptive profiles of the Macrogroup.</Biota-Summary>         </Biota-Summaries>         <taxons>           <taxon>Araucaria araucana</taxon>           <taxon>Nothofagus dombeyi</taxon>           <taxon>Nothofagus pumilio</taxon>           <taxon>Chusquea culeou</taxon>           <taxon>Pseudopanax laetevirens</taxon>           <taxon>Drimys andina</taxon>           <taxon>Adenocaulon chilense</taxon>           <taxon>Lagenophora hirsuta</taxon>           <taxon>Festuca scabriuscula</taxon>           <taxon>Poa trigtismatica</taxon>           <taxon>Austrocedrus chilensis</taxon>           <taxon>Fitzroya cupressoides</taxon>           <taxon>Nothofagus nitida</taxon>           <taxon>Nothofagus betuloides</taxon>           <taxon>Podocarpus nubigena</taxon>           <taxon>Gevuina avellana</taxon>           <taxon>Chusquea macrostachya</taxon>           <taxon>Embothrium coccineum</taxon>           <taxon>Weinmannia trichosperma</taxon>           <taxon>Chrysosplenium valdivianum</taxon>           <taxon>Luzuriaga radicans</taxon>           <taxon>Podocarpus nubigenus</taxon>           <taxon>Laureliopsis philippiana</taxon>           <taxon>Saxegothea conspicua</taxon>           <taxon>Drimys winteri</taxon>           <taxon>Campsidium valdivianum</taxon>           <taxon>Philesia magellanica</taxon>           <taxon>Elytropus chilensis</taxon>           <taxon>Amomyrtus luma</taxon>           <taxon>Myrceugenia exsucca</taxon>           <taxon>N.T.</taxon>         </taxons>       </Characteristic-biota>       <Abiotic-environment>         <Abiotic-Summaries>           <Abiotic-Summary lang="en">Information on soil and general climatic conditions was extracted from descriptive profiles of the Macrogroup.</Abiotic-Summary>           <Abiotic-Summary lang="es">Los Bsq 1 clima sub-humedo, Bsq 2 clima hiper-humedo. Los Bsq 2 esta en suelos drenados y en su mayoria humicos</Abiotic-Summary>         </Abiotic-Summaries>       </Abiotic-environment>       <Biotic-processes>         <Processes-Summaries>           <Processes-Summary lang="en">Information on biotic characteristics and processes was extracted from descriptive profiles of the Macrogroup.</Processes-Summary>           <Processes-Summary lang="es">Hay varios tipos de bosques de coniferas, los dominados por Arauaria presentan un sotobosuqe dominado por Chusquea culeou, el estrato basal suele ser denso y se compone de los juveniles de especies arboreas dominantes, arbustos y especies herbaceas; en algunas situaciones estos bosques un dosel bajo y abierto con una capa bien desarrollada de gramineas. Los bosques de coniferas dominadas por Austrocedrus chilensis. Los Bsq siempreverdes son bien estratificados y altos (30-40 m) rico en epifitas y lianas.</Processes-Summary>         </Processes-Summaries>       </Biotic-processes>       <Ecosystem-services>         <Services>           <Ecosystem-service/>         </Services>         <Services-Summaries>           <Services-Summary lang="en"/>         </Services-Summaries>       </Ecosystem-services>       <Threats>         <Threats-Summaries>           <Threats-Summary lang="en"></Threats-Summary>         </Threats-Summaries>         <Threat>           <Threat-name>Increase in human population density</Threat-name>           <Threat-description lang="en">Increasing human population can be a cause of loss of woodland distribution due to increase in resource use, expansion of infrastructure, and changes in land use. It is also indirectly associated to the spread of invasive species.</Threat-description>           <Threat-Impact>             <Threat-Timing id="IUCN" version="3.2" selected="yes" assigned-by="JRFP">Ongoing</Threat-Timing>             <Threat-Scope id="IUCN" version="3.2" selected="yes" assigned-by="JRFP">Unknown</Threat-Scope>             <Threat-Severity id="IUCN" version="3.2" selected="yes" assigned-by="JRFP">Unknown</Threat-Severity>           </Threat-Impact>           <Threat-classification id="IUCN" version="3.2" selected="yes" assigned-by="JRFP">             <Threat-classification-element level="1">1 Residential and commercial development</Threat-classification-element>             <Threat-classification-element level="1">4 Transportation and service corridors</Threat-classification-element>             <Threat-classification-element level="1">6 Human intrusions and disturbance</Threat-classification-element>           </Threat-classification>         </Threat>         <Threat>           <Threat-name>Higher intensity of agriculture</Threat-name>           <Threat-description lang="en">NA</Threat-description>           <Threat-Impact>             <Threat-Timing id="IUCN" version="3.2" selected="yes" assigned-by="JRFP">Ongoing</Threat-Timing>             <Threat-Scope id="IUCN" version="3.2" selected="yes" assigned-by="JRFP">Unknown</Threat-Scope>             <Threat-Severity id="IUCN" version="3.2" selected="yes" assigned-by="JRFP">Unknown</Threat-Severity>           </Threat-Impact>           <Threat-classification id="IUCN" version="3.2" selected="yes" assigned-by="JRFP">             <Threat-classification-element level="1">2 Agriculture and aquaculture</Threat-classification-element>             <Threat-classification-element level="2">2.1 Annual and perennial non-timber crops</Threat-classification-element>             <Threat-classification-element level="2">2.2 Wood and pulp plantations</Threat-classification-element>           </Threat-classification>         </Threat>         <Threat>           <Threat-name>Expansion of grazing stock</Threat-name>           <Threat-description lang="en">NA</Threat-description>           <Threat-Impact>             <Threat-Timing id="IUCN" version="3.2" selected="yes" assigned-by="JRFP">Ongoing</Threat-Timing>             <Threat-Scope id="IUCN" version="3.2" selected="yes" assigned-by="JRFP">Unknown</Threat-Scope>             <Threat-Severity id="IUCN" version="3.2" selected="yes" assigned-by="JRFP">Unknown</Threat-Severity>           </Threat-Impact>           <Threat-classification id="IUCN" version="3.2" selected="yes" assigned-by="JRFP">             <Threat-classification-element level="1">2 Agriculture and aquaculture</Threat-classification-element>             <Threat-classification-element level="2">2.3 Livestock farming and ranching</Threat-classification-element>           </Threat-classification>         </Threat>         <Threat>           <Threat-name>Deforestation</Threat-name>           <Threat-description lang="en">Elimination of tree cover.</Threat-description>           <Threat-Impact>             <Threat-Timing id="IUCN" version="3.2" selected="yes" assigned-by="JRFP">Ongoing</Threat-Timing>             <Threat-Scope id="IUCN" version="3.2" selected="yes" assigned-by="JRFP">Unknown</Threat-Scope>             <Threat-Severity id="IUCN" version="3.2" selected="yes" assigned-by="JRFP">Unknown</Threat-Severity>           </Threat-Impact>           <Threat-classification id="IUCN" version="3.2" selected="yes" assigned-by="JRFP">             <Threat-classification-element level="1">5 Biological resource use</Threat-classification-element>             <Threat-classification-element level="2">5.3 Logging and wood harvesting</Threat-classification-element>           </Threat-classification>         </Threat>         <Threat>           <Threat-name>Climate change</Threat-name>           <Threat-description lang="en">Climate conditions are generally considered of great importance for the maintainance of forest vegetation and characteristic processes of several macrogroups, and were also incorporated in the process of macrogroup potential distribution modeling and validation (Bow et al. 2008; Josse et al. 2009)⁠. Thus we considered climate change as a plausible future threat of degradation of environmental conditions (Laurance and Williamson 2001; Tovar et al. 2013)</Threat-description>           <Threat-Impact>             <Threat-Timing id="IUCN" version="3.2" selected="yes" assigned-by="JRFP">Only in the future</Threat-Timing>             <Threat-Scope id="IUCN" version="3.2" selected="yes" assigned-by="JRFP">Unknown</Threat-Scope>             <Threat-Severity id="IUCN" version="3.2" selected="yes" assigned-by="JRFP">Unknown</Threat-Severity>           </Threat-Impact>           <Threat-classification id="IUCN" version="3.2" selected="yes" assigned-by="JRFP">             <Threat-classification-element level="1">11 Climate change and severe weather</Threat-classification-element>             <Threat-classification-element level="2">11.1 Habitat shifting and alteration</Threat-classification-element>           </Threat-classification>         </Threat>         <Threat>           <Threat-name>Defaunation</Threat-name>           <Threat-description lang="en">Defaunation is considered a large and pervasive threat to biodiversity, the loss of large vertebrates due to overexploitation has an impact in important biotic associations in ecosystems (Galetti and Dirzo 2013; Dirzo et al. 2014)⁠.</Threat-description>           <Threat-Impact>             <Threat-Timing id="IUCN" version="3.2" selected="yes" assigned-by="JRFP">Ongoing</Threat-Timing>             <Threat-Scope id="IUCN" version="3.2" selected="yes" assigned-by="JRFP">Unknown</Threat-Scope>             <Threat-Severity id="IUCN" version="3.2" selected="yes" assigned-by="JRFP">Unknown</Threat-Severity>           </Threat-Impact>           <Threat-classification id="IUCN" version="3.2" selected="yes" assigned-by="JRFP">             <Threat-classification-element level="1">5 Biological resource use</Threat-classification-element>             <Threat-classification-element level="2">5.1 Hunting and collecting terrestrial animals</Threat-classification-element>             <Threat-classification-element level="3">5.1.4 Motivation Unknown/Unrecorded</Threat-classification-element>           </Threat-classification>         </Threat>       </Threats>       <Conservation-actions>         <Conservation-Summaries>           <Conservation-Summary lang="en"/>         </Conservation-Summaries>         <Conservation-action>           <Conservation-action-names>             <Conservation-action-name lang="en"/>           </Conservation-action-names>           <Conservation-action-descriptions>             <Conservation-action-description lang="en"/>           </Conservation-action-descriptions>           <Conservation-action-classification id="" version="0" selected="" assigned-by="">             <Conservation-action-classification-element level="none"/>           </Conservation-action-classification>         </Conservation-action>       </Conservation-actions>       <Research-needs>         <Research-Summaries>           <Research-Summary lang="en"/>         </Research-Summaries>         <Research-needed>           <Research-needed-names>             <Research-needed-name lang="en"/>           </Research-needed-names>           <Research-needed-descriptions>             <Research-needed-description lang="en"/>           </Research-needed-descriptions>           <Research-needed-classification id="" version="0" selected="" assigned-by="">             <Research-needed-classification-element level="none"/>           </Research-needed-classification>         </Research-needed>       </Research-needs>       <Conceptual-ecosystem-model>         <CEM-summaries>           <CEM-summary lang="en">A general conceptual model is presented graphically in Fig. S1. We include in this model the most important large scale threats to forest in the Americas: loss of forest cover due to agriculture and live stock expansion; defaunation due to hunting (or 'empty forest syndrome'), structural and compositional changes due to selective logging and invasion of exotic species, changes in disturbance regimes due to land use practices and development and shifting climatic conditions due to climate change.</CEM-summary>         </CEM-summaries>         <CEM-type graphic="yes">Cause-effect</CEM-type>         <CEM-source>Assessment authors, based on Laurance and Williamson (2001), Allen et al. (2010), Faber-Langendoen et al. (2014), Lewis et al. (2015), Levis et al. (2017)</CEM-source>       </Conceptual-ecosystem-model>       <Classifications>         <Classification-system id="IUCN habitat" version="3.0" selected="yes" assigned-by="Assessment authors">           <Classification-element level="1">1. Forest</Classification-element>           <Classification-element level="2">1.4. Forest – Temperate</Classification-element>         </Classification-system>         <Classification-system id="RLE Global Typology" version="draft" selected="no" assigned-by="Assessment authors">           <Classification-element level="1">Terrestrial</Classification-element>           <Classification-element level="2">T2 Temperate-boreal forests and woodlands</Classification-element>           <Classification-element level="3">T2.1 Boreal and montane needle-leaved forest and woodland</Classification-element>         </Classification-system>         <Classification-system id="IVC" version="2014" selected="no" assigned-by="Assessment authors">           <Classification-element level="1">1 Forest and Woodland</Classification-element>           <Classification-element level="2">1.B Temperate and Boreal Forest and Woodland</Classification-element>           <Classification-element level="3">1.B.2 Cool Temperate Forest and Woodland</Classification-element>           <Classification-element level="4">1.B.2.Ee Valdivian Cool Temperate Forest</Classification-element>           <Classification-element level="5">1.B.2.Ee.658 - Valdivian Montane and Upper Montane Evergreen Forest</Classification-element>         </Classification-system>       </Classifications>       <Distribution>         <Distribution-Summaries>           <Distribution-Summary lang="es">Se presentan al sur de los Andes, algunos bosques se presentan en Argentina y Chile, aunque hay unos restringidos solo a Chile. El bsq (1) se encuentra entre 800-1600 msnm (Araucarias). El bsq (1-Austrocedrus chilensis) se presenta mas en Argentina en las provincias de Nauquén y Rio Negro entre los 800-1100 msnm en Argentina y los bsq (2) esta entre los 800-1200 msnm al sur de Chile sobre la cordillera de los Costa y los Andes.</Distribution-Summary>         </Distribution-Summaries>         <Biogeographic-realms>           <Biogeographic-realm>Neotropic</Biogeographic-realm>         </Biogeographic-realms>         <Spatial-data/>       </Distribution>       <Collapse-definition>         <Collapse-summaries>           <Collapse-summary lang="en"/>         </Collapse-summaries>         <Spatial-collapse-definitions>           <Spatial-collapse lang="en">As the tree growth form is the main structural element of any forest macrogroup, a forest macrogroup was assumed to collapse if the original woodland cover was completely replaced by a non-woodland cover, or if the tree-cover within its potential distribution declined to zero (criteria A and B).</Spatial-collapse>         </Spatial-collapse-definitions>         <Functional-collapse-definitions>           <Functional-collapse lang="en">For assessing environmental degradation under criterion C, we considered two different indicators. In the case of climate change, we assume that the ecosystem collapsed if the climatic conditions shifted from mostly suitable for the focus macrogroup, to mostly suitable to a different macrogroup. Additionally for flooded and swamp forest, we assumed ecosystem collapse if the amount of detected surface water within the potential distribution of the macrogroup declined to zero.  For assessing disruption to biotic processes and interactions under criterion D we assumed that most of the fundamental processes and interactions disappeared with intensive use of woodlands under high population density. We also assumed that the ecosystem would collapse if the population of large mammals declined to less than 10% of their original population size.</Functional-collapse>         </Functional-collapse-definitions>       </Collapse-definition>     </Assessment-Target>     <Ecosystem-Risk-Assessment date="2020-04-30" updated-by="Rsaurio" status="auto-generated-test">       <Assessment-version>2.2</Assessment-version>       <Risk-assessment-protocol>IUCN RLE</Risk-assessment-protocol>       <Assessment-unit>         <Ecosystem-subset>           <Subset-descriptions>             <Subset-description lang="en">This assessment refers to the entire distribution of the assessment target as delimited by the assessment authors.</Subset-description>           </Subset-descriptions>           <Countries>             <Country iso-code-2="CL">Chile</Country>             <Country iso-code-2="AR">Argentina</Country>           </Countries>           <Spatial-data>             <Spatial-point datum="WGS84" proj="longlat" type="lower-left-corner">               <x>-75.3406910349891</x>               <y>-55.9298351986488</y>               <radius units="degrees">0.0001</radius>             </Spatial-point>             <Spatial-point datum="WGS84" proj="longlat" type="upper-right-corner">               <x>-66.2566927090932</x>               <y>-23.4967622529672</y>               <radius units="degrees">0.0001</radius>             </Spatial-point>           </Spatial-data>         </Ecosystem-subset>         <RA-Summaries>           <RA-Summary lang="en">The IUCN Red List of Ecosystem assessment of the Macrogroup '1.B.2.Ee.658 - Valdivian Montane and Upper Montane Evergreen Forest' was based on 5 indicators evaluated over different time frames: past and historic decline in woodland cover, current extent and trends in tree cover, predicted future changes in climatic suitability, past and historic changes in the intensity of land use, potential defaunation of medium and large mammals. None of these indicators exceeded the thresholds for Vulnerable. Thus the overall category is Least Concern.</RA-Summary>         </RA-Summaries>         <Rationale/>         <Overall-category>LC</Overall-category>         <Plausible-bounds/>         <Supporting-subcriteria>NA</Supporting-subcriteria>         <Criterions>           <Criterion name="A">             <Summaries>               <Summary lang="en">For this macrogroup, forest vegetation is the dominant and diagnostic growth form. Thus, we consider presence of trees (as closed forest or woodlands) as a characteristic element and the main indicator of spatial distribution of the macrogroups. In order to cover both historical and present changes in distribution, we selected two different data sources that estimate tree presence: “woodlands” cover from historic biome and land use reconstruction (subcriteria A1 and A3), and percentage tree cover calculated from a combination of contemporary remote sensing data (subcriterion A2b)⁠.</Summary>             </Summaries>             <Rationales>               <Rationale lang="en">None of the assessed subcriteria met the threshold for Vulnerable, and under this criterion this Macrogroup is considered Least Concern</Rationale>             </Rationales>             <Category>               <Category>LC</Category>             </Category>             <Subcriterions>               <Subcriterion name="A1">                 <Summaries>                   <Summary lang="en">We considered presence of trees (as closed forest or woodlands) as a characteristic element and the main indicator of spatial distribution of the macrogroup. Historical changes in forest cover were measured by contrasting series of reconstructed land cover classes for 1700, 1800, 1900 and 2000. We used woodland cover to estimate changes in forest cover. The proportional rate of decline (PRD) was estimated by interpolation of the area in the four time frames assuming a quadratic response curve to describe increasing or decreasing rates in the last 100 years. Mean estimated decline was 13.6 (10.8 -- 16.3) %, and it did not reach any of the thresholds for Vulnerable.</Summary>                 </Summaries>                 <Rationales>                   <Rationale lang="en">Mean estimated decline was 13.6 (10.8 -- 16.3) %, and it did not reach any of the thresholds for Vulnerable.</Rationale>                 </Rationales>                 <Category>LC</Category>                 <Plausible-bounds lower="" upper=""></Plausible-bounds>                 <Key-indicator-variables>                   <Key-indicator name="Change in distribution">                     <Indicator-data-values>                       <Indicator-data>                         <Data-descriptions>                           <Data-description lang="en">Changes in forest cover were measured by contrasting series of spatial layers from different sources of global extent. For historical representation of forest cover we used the Anthrome products (http://ecotope.org/anthromes/v2/data/, v 2.0, Ellis et al. 2010)⁠ which represent the reconstructed extent of different land cover classes for 1700, 1800, 1900 and 2000. We reclassified the layers and focused on woodland cover independent of use intensity (wild, used, populated and residential woodlands) to estimate changes in forest cover. The reclassified maps were crossed with the potential distribution of each Macrogroup in order to obtain an area estimate for each Macrogroup and each time-frame. The proportional rate of decline (PRD) was estimated by interpolation of the area in the four time frames assuming a quadratic response curve to describe increasing or decreasing rates in the last 100 years. The curve was fitted with a generalized linear model fitted using a quasipoisson error distribution and a log-link to avoid negative estimates of area. For this subcriterion we used the curve to estimate the PRD between 1950 and 2000.</Data-description>                         </Data-descriptions>                         <Data-source>Ellis, E.C., Goldewijk, K.K., Siebert, S., Lightman, D. and Ramankutty, N. (2010). Anthropogenic transformation of the biomes, 1700 to 2000. Glob. Ecol. Biogeogr., 19, 589–606.</Data-source>                         <Values method="estimated">                           <Value level="1">                             <Year>1950</Year>                             <Indicator-value units="km2"></Indicator-value>                           </Value>                           <Value level="2">                             <Year>2000</Year>                             <Indicator-value units="km2"></Indicator-value>                           </Value>                         </Values>                       </Indicator-data>                     </Indicator-data-values>                     <Overall-Extent units="%" method="estimated">13.6</Overall-Extent>                     <Collapse-threshold units="km2">0</Collapse-threshold>                   </Key-indicator>                 </Key-indicator-variables>               </Subcriterion>               <Subcriterion name="A2a">                 <Summaries>                   <Summary lang="en">The data used to estimate decline in distribution was not applied to this timeframe. Alternative prediction or forecast models need to be considered for assessing this subcriterion.</Summary>                 </Summaries>                 <Rationales>                   <Rationale lang="en">No suitable indicator was evaluated for this period of time.</Rationale>                 </Rationales>                 <Category>NE</Category>               </Subcriterion>               <Subcriterion name="A2b">                 <Summaries>                   <Summary lang="en">We considered presence of trees (as closed forest or woodlands) as a characteristic element and the main indicator of spatial distribution of the macrogroup. For contemporary forest cover we averaged percent tree cover from two time series of remote sensing data for each year between 2001 and 2012, and we calculated the proportional rate of decline (PRD) and used the difference in the predicted forest cover in 2001 and 2051 as an estimate of expected decline in any 50 year period including past, present and future.  Mean estimated decline was 18.3 (10.5 -- 25.5) %, and it did not reach any of the thresholds for Vulnerable.</Summary>                 </Summaries>                 <Rationales>                   <Rationale lang="en">Mean estimated decline was 18.3 (10.5 -- 25.5) %, and it did not reach any of the thresholds for Vulnerable.</Rationale>                 </Rationales>                 <Category>LC</Category>                 <Plausible-bounds lower="" upper=""></Plausible-bounds>                 <Key-indicator-variables>                   <Key-indicator name="Change in distribution">                     <Indicator-data-values>                       <Indicator-data>                         <Data-descriptions>                           <Data-description lang="en">For contemporary forest cover we considered two time series of data: the Global Forest Cover based on Landsat mosaics (GFC, version 1.2, Hansen et al. 2013)⁠  and the land cover data derived from MODIS  (MODIS LC, version 5.1, Friedl et al. 2010)⁠⁠. GFC data represents estimates of percentage tree cover in 2000 and estimates of forest loss and gain between 2000 and 2014, from which we calculated total forest cover per year. MODIS LC data represents yearly estimates of land cover classes between 2001 and 2012, including several forest types, semi-natural and artificial land cover. We converted land cover classes to percentage tree cover (100% for natural forest classes, 25% for mosaic vegetation, 0% otherwise). We then averaged percent tree cover from both sources for each year between 2001 and 2012 in order to partially correct over- and under-estimation of forest change due to increases in plantations and other artificial land uses (Song et al. 2014; Tropek et al. 2014)⁠. The estimated percentage tree cover of each year was summarized over the potential distribution of each Macrogroup to provide annual estimates of forest cover. The proportional rate of decline (PRD) was estimated by a generalized linear model fitted to the estimates per year using a quasipoisson error distribution and a log-link. For Macrogroups with a negative trend, the model  was used to predict the expected remaining distribution in 50 years. The use of this model avoids negative estimates of the remaining distribution. </Data-description>                         </Data-descriptions>                         <Data-source>Hansen et al. 2013</Data-source>                         <Data-source>Friedl et al. 2010</Data-source>                         <Values method="projected">                           <Value level="1">                             <Year>2000</Year>                             <Indicator-value units="km2"></Indicator-value>                           </Value>                           <Value level="2">                             <Year>2050</Year>                             <Indicator-value units="km2"></Indicator-value>                           </Value>                         </Values>                       </Indicator-data>                     </Indicator-data-values>                     <Overall-Extent units="%" method="projected">18.3</Overall-Extent>                     <Collapse-threshold units="km2">0</Collapse-threshold>                   </Key-indicator>                 </Key-indicator-variables>               </Subcriterion>               <Subcriterion name="A3">                 <Summaries>                   <Summary lang="en">We considered presence of trees (as closed forest or woodlands) as a characteristic element and the main indicator of spatial distribution of the macrogroup. Historical changes in forest cover were measured by contrasting series of reconstructed land cover classes for 1700, 1800, 1900 and 2000. We used woodland cover to estimate changes in forest cover. The proportional rate of decline (PRD) was estimated by interpolation of the area in the four time frames assuming a quadratic response curve to describe increasing or decreasing rates in the last 400 years. Mean estimated decline was 27.1 (26.2 -- 28.1) %, and it did not reach any of the thresholds for Vulnerable.</Summary>                 </Summaries>                 <Rationales>                   <Rationale lang="en">Mean estimated decline was 27.1 (26.2 -- 28.1) %, and it did not reach any of the thresholds for Vulnerable.</Rationale>                 </Rationales>                 <Category>LC</Category>                 <Plausible-bounds lower="" upper=""></Plausible-bounds>                 <Key-indicator-variables>                   <Key-indicator name="Change in distribution">                     <Indicator-data-values>                       <Indicator-data>                         <Data-descriptions>                           <Data-description lang="en">Changes in forest cover were measured by contrasting series of spatial layers from different sources of global extent. For historical representation of forest cover we used the Anthrome products (http://ecotope.org/anthromes/v2/data/, v 2.0, Ellis et al. 2010)⁠ which represent the reconstructed extent of different land cover classes for 1700, 1800, 1900 and 2000. We reclassified the layers and focused on woodland cover independent of use intensity (wild, used, populated and residential woodlands) to estimate changes in forest cover. The reclassified maps were crossed with the potential distribution of each Macrogroup in order to obtain an area estimate for each Macrogroup and each time-frame. The proportional rate of decline (PRD) was estimated by interpolation of the area in the four time frames assuming a quadratic response curve to describe increasing or decreasing rates in the last 400 years. The curve was fitted with a generalized linear model fitted using a quasipoisson error distribution and a log-link to avoid negative estimates of area. For this subcriterion we used the curve to estimate the PRD between 1750 and 2000.</Data-description>                         </Data-descriptions>                         <Data-source>Ellis, E.C., Goldewijk, K.K., Siebert, S., Lightman, D. and Ramankutty, N. (2010). Anthropogenic transformation of the biomes, 1700 to 2000. Glob. Ecol. Biogeogr., 19, 589–606.</Data-source>                         <Values method="estimated">                           <Value level="1">                             <Year>1750</Year>                             <Indicator-value units="km2"></Indicator-value>                           </Value>                           <Value level="2">                             <Year>2000</Year>                             <Indicator-value units="km2"></Indicator-value>                           </Value>                         </Values>                       </Indicator-data>                     </Indicator-data-values>                     <Overall-Extent units="%" method="estimated">27.1</Overall-Extent>                     <Collapse-threshold units="km2">0</Collapse-threshold>                   </Key-indicator>                 </Key-indicator-variables>               </Subcriterion>             </Subcriterions>           </Criterion>           <Criterion name="B">             <Summaries>               <Summary lang="en">We considered presence of trees (as closed forest or woodlands) as a characteristic element and the main indicator of spatial distribution of the macrogroup. For contemporary forest cover we overlaped the potential macrogroup distribution with an averaged percent tree cover from two time series of remote sensing data for the year 2012. We used a cutoff value of 25% tree cover to determine presence, and estimated the extent of occurrence using a convex hull polygon, and area of occupancy using a 10x10 grid. None of the assessed subcriteria met the threshold for Vulnerable, and under this criterion this Macrogroup is considered Least Concern</Summary>             </Summaries>             <Rationales>               <Rationale lang="en">None of the assessed subcriteria met the threshold for Vulnerable, and under this criterion this Macrogroup is considered Least Concern</Rationale>             </Rationales>             <Category>               <Category>LC</Category>             </Category>             <Subcriterions>               <Subcriterion name="B1">                 <Summaries>                   <Summary lang="en">We considered presence of trees (as closed forest or woodlands) as a characteristic element and the main indicator of spatial distribution of the macrogroup. For contemporary forest cover we overlaped the potential macrogroup distribution with an averaged percent tree cover from two time series of remote sensing data for the year 2012. We used a cutoff value of 25% tree cover to determine presence, and estimated the extent of occurrence as the minimum convex polygon around the presence data.  The Extent of Occurrence was larger that 50,000 km^2, so it is considered Least Concern.</Summary>                 </Summaries>                 <Rationales>                   <Rationale lang="en">The Extent of Occurrence was larger that 50,000 km^2, so it is considered Least Concern.</Rationale>                 </Rationales>                 <Category>LC</Category>                 <Key-indicator-variables>                   <Key-indicator name="EOO">                     <Indicator-data-values>                       <Indicator-data>                         <Data-descriptions>                           <Data-description lang="en">For contemporary forest cover we considered two time series of data: the Global Forest Cover based on Landsat mosaics (GFC, version 1.2, Hansen et al. 2013)⁠  and the land cover data derived from MODIS  (MODIS LC, version 5.1, Friedl et al. 2010)⁠⁠. GFC data represents estimates of percentage tree cover in 2000 and estimates of forest loss and gain between 2000 and 2014, from which we calculated total forest cover per year. MODIS LC data represents yearly estimates of land cover classes between 2001 and 2012, including several forest types, semi-natural and artificial land cover. We converted land cover classes to percentage tree cover (100% for natural forest classes, 25% for mosaic vegetation, 0% otherwise). We then averaged percent tree cover from both sources for each year between 2001 and 2012 in order to partially correct over- and under-estimation of forest change due to increases in plantations and other artificial land uses (Song et al. 2014; Tropek et al. 2014)⁠. We used a cutoff value of 25% tree cover to determine presence, and estimated the extent of occurrence as the minimum convex polygon around the presence data. </Data-description>                         </Data-descriptions>                         <Data-source>Hansen et al. 2013</Data-source>                         <Data-source>Friedl et al. 2010</Data-source>                         <Values method="estimated">                           <Value level="1">                             <Year>2012</Year>                             <Indicator-value units="km2"> greater than 50000</Indicator-value>                           </Value>                         </Values>                       </Indicator-data>                     </Indicator-data-values>                     <Overall-Extent units="km2" method="estimated"></Overall-Extent>                     <Collapse-threshold units="km2">0</Collapse-threshold>                   </Key-indicator>                 </Key-indicator-variables>                 <Threat-defined-locations>More than 10</Threat-defined-locations>                 <Continuing-decline numeral="i">yes</Continuing-decline>                 <Threatening-process>no</Threatening-process>               </Subcriterion>               <Subcriterion name="B2">                 <Summaries>                   <Summary lang="en">We considered presence of trees (as closed forest or woodlands) as a characteristic element and the main indicator of spatial distribution of the macrogroup. For contemporary forest cover we overlaped the potential macrogroup distribution with an averaged percent tree cover from two time series of remote sensing data for the year 2012. We used a cutoff value of 25% tree cover to determine presence, and counted the number of 10x10 km cells that had at least 1% of their area occupied the the ecosystem.  The Area of Occupancy was larger that 50 10x10 km grid cells, so it is considered Least Concern.</Summary>                 </Summaries>                 <Rationales>                   <Rationale lang="en">The Area of Occupancy was larger that 50 10x10 km grid cells, so it is considered Least Concern.</Rationale>                 </Rationales>                 <Category>LC</Category>                 <Key-indicator-variables>                   <Key-indicator name="AOO">                     <Indicator-data-values>                       <Indicator-data>                         <Data-descriptions>                           <Data-description lang="en">For contemporary forest cover we considered two time series of data: the Global Forest Cover based on Landsat mosaics (GFC, version 1.2, Hansen et al. 2013)⁠  and the land cover data derived from MODIS  (MODIS LC, version 5.1, Friedl et al. 2010)⁠⁠. GFC data represents estimates of percentage tree cover in 2000 and estimates of forest loss and gain between 2000 and 2014, from which we calculated total forest cover per year. MODIS LC data represents yearly estimates of land cover classes between 2001 and 2012, including several forest types, semi-natural and artificial land cover. We converted land cover classes to percentage tree cover (100% for natural forest classes, 25% for mosaic vegetation, 0% otherwise). We then averaged percent tree cover from both sources for each year between 2001 and 2012 in order to partially correct over- and under-estimation of forest change due to increases in plantations and other artificial land uses (Song et al. 2014; Tropek et al. 2014)⁠. We used a cutoff value of 25% tree cover to determine presence, overlaped this with a 10x10 km grid, and counted the number of 10x10 km cells that had at least 1% of their area occupied the the ecosystem.</Data-description>                         </Data-descriptions>                         <Data-source>Hansen et al. 2013</Data-source>                         <Data-source>Friedl et al. 2010</Data-source>                         <Values method="estimated">                           <Value level="1">                             <Year>2012</Year>                             <Indicator-value units="10x10km cells"> greater than 50</Indicator-value>                           </Value>                         </Values>                       </Indicator-data>                     </Indicator-data-values>                     <Overall-Extent units="10x10km cells" method="estimated"></Overall-Extent>                     <Collapse-threshold units="km2">0</Collapse-threshold>                   </Key-indicator>                 </Key-indicator-variables>                 <Threat-defined-locations>More than 10</Threat-defined-locations>                 <Continuing-decline numeral="i">yes</Continuing-decline>                 <Threatening-process>no</Threatening-process>               </Subcriterion>               <Subcriterion name="B3">                 <Summaries>                   <Summary lang="en">We considered presence of trees (as closed forest or woodlands) as a characteristic element and the main indicator of spatial distribution of the macrogroup. Threat defined locations and threatening processes were assesed qualitatively.  This ecosystem is present at a large number of locations and not exposed to severe and widespread threats, it was considered Least Concern.</Summary>                 </Summaries>                 <Rationales>                   <Rationale lang="en">This ecosystem is present at a large number of locations and not exposed to severe and widespread threats, it was considered Least Concern.</Rationale>                 </Rationales>                 <Category>LC</Category>                 <Plausible-bounds lower="" upper=""></Plausible-bounds>                 <Threat-defined-locations>More than 10</Threat-defined-locations>                 <Continuing-decline numeral="i">yes</Continuing-decline>                 <Threatening-process>no</Threatening-process>               </Subcriterion>             </Subcriterions>           </Criterion>           <Criterion name="C">             <Summaries>               <Summary lang="en">Climate conditions are generally considered of great importance for the maintainance of forest vegetation and characteristic processes of several macrogroups, and were also incorporated in the process of macrogroup potential distribution modeling and validation. Thus we considered climate change as a plausible future threat of degradation of environmental conditions. Natural disturbances are considered within the IVC classification as processes influencing the dominant and characteristic growth forms and diagnostic species of formations, and can be greatly altered by human activities⁠. Flood and fire regimes play an important role in forest formations, but we did not find a reliable indicator for changes in fire regime at the continental scale. Flood regime was not considered to be relevant to this ecosystem and was not evaluated.</Summary>             </Summaries>             <Rationales>               <Rationale lang="en">Assessment outcome was not conclusive, thus under this criterion it is considered Data Deficient.</Rationale>             </Rationales>             <Category>               <Category>DD</Category>             </Category>             <Subcriterions>               <Subcriterion name="C1">                 <Summaries>                   <Summary lang="en">The data used to estimate deterioration of environmental conditions was relevant to present and future  time frames, but not applicable to historic or past time frames. Alternative data sources need to be considered for assessing this subcriterion.</Summary>                 </Summaries>                 <Rationales>                   <Rationale lang="en">No suitable indicator was evaluated for this period of time.</Rationale>                 </Rationales>                 <Category>NE</Category>               </Subcriterion>               <Subcriterion name="C2a">                 <Summaries>                   <Summary lang="en">We considered climate change as a plausible future threat of degradation of environmental conditions as it might influence both the predominant growth form and characteristic biota. We used a set of 19 standard bioclimatic variables as indicators of characteristic environmental conditions (Hijmans et al. 2005)⁠ and used a Random Forest Classification algorithm to evaluate suitability of environmental conditions under current climate and future projections based on climate change models. We evaluated the probability of the target macrogroup to be replaced by any forest or non-forest vegetation macrogroup under changing climatic conditions. Available data was not accurate enough, resulting in unreliable estimates, thus we assigned it to the Data Deficient category.</Summary>                 </Summaries>                 <Rationales>                   <Rationale lang="en">Available data was not accurate enough, resulting in unreliable estimates, thus we assigned it to the Data Deficient category.</Rationale>                 </Rationales>                 <Category>DD</Category>                 <Plausible-bounds lower="" upper=""></Plausible-bounds>                 <Key-indicator-variables>                   <Key-indicator name="Changes in climate conditions">                     <Indicator-data-values>                       <Indicator-data>                         <Data-descriptions>                           <Data-description lang="en">We selected a group of 19 standard bioclimatic variables as indicators of overall environmental conditions  and compared current and future conditions. “Current” climate is based on interpolation of weather station data from a reference time frame between 1960 and 1990 (Worldclim, v1.4; Hijmans et al. 2005)⁠; while future scenarios for the year 2050 were calculated for different combinations of global circulation models (GCM) and representative concentration pathways (RCP; IPCC 2014)⁠. All data was available in the same format, resolution and from the same source (http://worldclim.org). We used the *random forest* (RF) algorithm, which is a machine learning method based on an ensemble of classification trees (Liaw and Wiener 2002)⁠ to predict changes from a focal macrogroup to any of the associated forest or non-forest macrogroups. First we define a bounding box around each target macrogroup, and take a spatially uniform random sample of locations. For each location we record the potential macrogroup according to the potential distribution map and the values of the 19 bioclimatic variables. We partition the data in calibration and test subsets (75 and 25% of the locations respectively) using a checkerboard pattern to reduce spatial autocorrelation⁠. Then we fitted the RF model with the calibration data, sample size for each classification tree was set to 2/3 of the calibration data, but allowing for a representative sample of all represented classes, number of variables per tree was set to five, other setting were set to default values. Models were considered accepted if nominal classification error for the focal class was lower than 20% in the test samples, and the area under the sensitivity and specificity curve (AUC) was higher than 85%. The first statistic measures the misclassification when using the modal class from the ensemble prediction which can be a combination of model performance error and natural overlap between related classes⁠, the second one measures discrimination performance when considering only the focal class and  different threshold of model support (proportion of “votes”, or proportion of classification trees assigning the focal class). Future prediction was only attempted when model performance on current data was acceptable. Future predictions were performed for each set of future bioclimatic conditions corresponding to five GCM (BCC-CSM1-1, CCSM4, HadGEM2-AO, HadGEM2-ES and MIROC5) and four RCP (rcp26, rcp45, rcp60 and rcp85). In order to calculate relative severity for the indicator of changing climatic conditions over the whole bounding box we used RF-model prediction (as proportion of votes for the focal class) as a measure of appropriate climatic conditions for the focal macrogroup, and considered the threshold for equal specificity and sensitivity as the threshold at which environmental conditions shift to favor a different macrogroup (collapse threshold, CT). We compared predictions based on current climatic condition (initial value) and predictions based on each combination of GCM and RCP for 2050 (final value). We summarized the results of the 20 combinations of GCMs and RCP to calculate the best estimate and plausible bounds (range including 90% probabilities) for the threat category (Bland et al. 2017)⁠. This indicator measures the expected decline for the next 50 years and thus corresponds to subcriterion C2a.</Data-description>                         </Data-descriptions>                         <Data-source>Hijmans et al. 2005</Data-source>                         <Data-source>Liaw and Wiener 2002</Data-source>                         <Values method="projected">                           <Value level="1">                             <Year>2050</Year>                             <Indicator-value units=""></Indicator-value>                           </Value>                         </Values>                       </Indicator-data>                     </Indicator-data-values>                     <Overall-Extent units="%" method="projected">100</Overall-Extent>                     <Overall-Severity units="%" method="projected"></Overall-Severity>                     <Collapse-threshold units="">We considered the threshold for equal specificity and sensitivity as the threshold at which environmental conditions shift to favor a different macrogroup.</Collapse-threshold>                   </Key-indicator>                 </Key-indicator-variables>               </Subcriterion>               <Subcriterion name="C2b">                 <Summaries>                   <Summary lang="en">The data used to estimate deterioration of environmental conditions was relevant to future  time frames, but not applicable to present, historic or past time frames. Alternative data sources need to be considered for assessing this subcriterion.</Summary>                 </Summaries>                 <Rationale>This subcriterion was not evaluated.</Rationale>                 <Category>NE</Category>               </Subcriterion>               <Subcriterion name="C3">                 <Summaries>                   <Summary lang="en">The data used to estimate deterioration of environmental conditions was relevant to present and future  time frames, but not applicable to historic or past time frames. Alternative data sources need to be considered for assessing this subcriterion.</Summary>                 </Summaries>                 <Rationales>                   <Rationale lang="en">No suitable indicator was evaluated for this period of time.</Rationale>                 </Rationales>                 <Category>NE</Category>               </Subcriterion>             </Subcriterions>           </Criterion>           <Criterion name="D">             <Summaries>               <Summary lang="en">For criterion D we considered that large vertebrates (and specially large mammals) are a characteristic component of forests, and their due to overexploitation has an impact in important biotic associations in ecosystems (Galetti and Dirzo 2013; Dirzo et al. 2014)⁠.  We used recent estimates of hunting-depletion distances to assess potential ecosystem degradation severity and extent in tropical regions (Benítez-López et al. 2017)⁠. We did not find reliable indicators of other important threatening processes like invasive species or selective logging at a continental scale, but we considered that increased human use intensity could be used as indirect indicator of those (Ellis et al. 2010).</Summary>             </Summaries>             <Rationales>               <Rationale lang="en">None of the assessed subcriteria met the threshold for Vulnerable, and under this criterion this Macrogroup is considered Least Concern</Rationale>             </Rationales>             <Category>               <Category>LC</Category>             </Category>             <Subcriterions>               <Subcriterion name="D1">                 <Summaries>                   <Summary lang="en">We estimate changes in resource use intensity by reclassifying the reconstructed land cover classes for 1900 and 2000 from the Anthrome products (Ellis et al. 2010). We crossed the potential distribution of the Macrogroup with the distinct woodland cover classes, and calculated the proportion of area that changed between the two Anthromes layers from low intensity ('wild woodlands' or 'used woodlands') to high intensity of use ('populated woodlands' or 'residential woodlands'). Mean relative severity was 8.7 %, and it did not reach any of the thresholds for Vulnerable.</Summary>                 </Summaries>                 <Rationales>                   <Rationale lang="en">Mean relative severity was 8.7 %, and it did not reach any of the thresholds for Vulnerable.</Rationale>                 </Rationales>                 <Category>LC</Category>                 <Key-indicator-variables>                   <Key-indicator name="Resource use intensity">                     <Indicator-data-values>                       <Indicator-data>                         <Data-descriptions>                           <Data-description lang="en">We estimate changes in resource use intensity by reclassifying the reconstructed land cover classes for 1900 and 2000 from the Anthrome products (Ellis et al. 2010). We crossed the potential distribution of the Macrogroup with the distinct woodland cover classes, and calculated the proportion of area that changed between the two Anthromes layers from low intensity ('wild woodlands' or 'used woodlands') to high intensity of use ('populated woodlands' or 'residential woodlands'). We assume that the class 'Natural woodlands' represents natural conditions and the other classes represent increasing amounts of disruption leading to collapse ('Natural'  less than  'Used'  less than  'Populated'  less than  'Residential'). We considered equal step weights for changes between consecutive classes, thus a change from 'Natural' to 'Used' or from 'Used' to 'Populated' was represented as RS=25%, while a change from 'Natural' to 'Populated' or from 'Used' to 'Residential' would be represented by RS=50%, etc. We do not have a quantitative estimate of collapse, but assume that the class 'Natural woodlands' represents natural conditions and the other classes represent increasing amounts of disruption leading to collapse ('Natural'  less than  'Used'  less than  'Populated'  less than  'Residential').</Data-description>                         </Data-descriptions>                         <Data-source>Ellis, E.C., Goldewijk, K.K., Siebert, S., Lightman, D. and Ramankutty, N. (2010). Anthropogenic transformation of the biomes, 1700 to 2000. Glob. Ecol. Biogeogr., 19, 589–606.</Data-source>                         <Values method="inferred">                           <Value level="1">                             <Year>2000</Year>                             <Indicator-value units=""/>                             <Extent units="%">31.2</Extent>                             <Severity units="%"> greater than 30</Severity>                           </Value>                           <Value level="2">                             <Year>2000</Year>                             <Indicator-value units=""/>                             <Extent units="%">3.7</Extent>                             <Severity units="%"> greater than 50</Severity>                           </Value>                           <Value level="3">                             <Year>2000</Year>                             <Indicator-value units=""/>                             <Extent units="%">0.1</Extent>                             <Severity units="%"> greater than 80</Severity>                           </Value>                         </Values>                       </Indicator-data>                     </Indicator-data-values>                     <Overall-Extent units="%" method="inferred">100</Overall-Extent>                     <Overall-Severity units="%" method="inferred">8.7</Overall-Severity>                     <Collapse-threshold units="%"></Collapse-threshold>                   </Key-indicator>                 </Key-indicator-variables>               </Subcriterion>               <Subcriterion name="D2a">                 <Summaries>                   <Summary lang="en"/>                 </Summaries>                 <Rationales>                   <Rationale lang="en">No suitable indicator was evaluated for this period of time.</Rationale>                 </Rationales>                 <Category/>               </Subcriterion>               <Subcriterion name="D2b">                 <Summaries>                   <Summary lang="en"/>                 </Summaries>                 <Rationales>                   <Rationale lang="en"/>                 </Rationales>                 <Category>DD</Category>                 <Key-indicator-variables>                   <Key-indicator name="Potential defaunation">                     <Indicator-data-values>                       <Indicator-data>                         <Data-descriptions>                           <Data-description lang="en">We applied a simplified formula relating response ratios (RR) of the abundance of mammals in hunted and unhunted sites with three variables: distance to access points for hunters (approximated by distance in km to the  main road network, from Digital Chart of the World), distance to markets for wildlife products (approximated by the distance in km to major urban centers, calculated from urban land cover in MODIS LC, version 5.1, Friedl et al. 2010)⁠ and level of protection (approximated by the distribution of any kind of protected areas, from the World Database on Protected Areas, IUCN and UNEP-WCMC 2016). According to figures and detailed results from (Benítez-López et al. 2017)⁠⁠, we used the following formula to estimate the expected RR from raster images representing the three variables: RR = -2.370 + 0.057 access + 0.010 market + 1.270 protected . We then transformed the spatial estimate of RR to an estimate of potential decline in mammal abundance as a percentage . For negative RR values we estimated the decline as: decline = (1-exp(RR)) * 100. For zero or positive RR values we assumed zero decline. An overall weighted estimate of percentage decline was calculated over the potential distribution of each Macrogroup, using mean forest cover between 2001 and 2012 as a weighting variable. We assume that the applied formula represents the potential relative decline in mammal abundance and used a collapse threshold equivalent of 10% of the original abundance. We further assume that the formula represents a current level of threat representative a 50 year window including past, present and future.</Data-description>                         </Data-descriptions>                         <Data-source>Benítez-López, A., Alkemade, J.R.M., Schipper, A.M., Ingram, D.J., Verweij, P.A., Eikelboom, J. and Huijbregts, M. (2017). The impact of hunting on tropical mammal and bird populations. Science (80-. )., 356, 180–183.</Data-source>                         <Data-source>Digital Chart of the World: road network per country</Data-source>                         <Data-source>Friedl, M.A., Sulla-Menashe, D., Tan, B., Schneider, A., Ramankutty, N., Sibley, A. and Huang, X. (2010). MODIS Collection 5 global land cover: Algorithm refinements and characterization of new datasets, 2001-2012, Collection 5.1 IGBP Land Cover.</Data-source>                         <Data-source>World Database on Protected Areas, IUCN and UNEP-WCMC 2016</Data-source>                         <Values method="inferred">                           <Value level="1">                             <Year>2000</Year>                             <Indicator-value units=""></Indicator-value>                           </Value>                         </Values>                       </Indicator-data>                     </Indicator-data-values>                     <Overall-Extent units="%" method="inferred">100</Overall-Extent>                     <Overall-Severity units="%" method="inferred"></Overall-Severity>                     <Collapse-threshold units="% of the original abundance">10</Collapse-threshold>                   </Key-indicator>                 </Key-indicator-variables>               </Subcriterion>               <Subcriterion name="D3">                 <Summaries>                   <Summary lang="en">We estimate changes in resource use intensity by reclassifying the reconstructed land cover classes for 1700 and 2000 from the Anthrome products (Ellis et al. 2010). We crossed the potential distribution of the Macrogroup with the distinct woodland cover classes, and calculated the proportion of area that changed between the two Anthromes layers from low intensity ('wild woodlands' or 'used woodlands') to high intensity of use ('populated woodlands' or 'residential woodlands'). Mean relative severity was 20.3 %, and it did not reach any of the thresholds for Vulnerable.</Summary>                 </Summaries>                 <Rationales>                   <Rationale lang="en">Mean relative severity was 20.3 %, and it did not reach any of the thresholds for Vulnerable.</Rationale>                 </Rationales>                 <Category>LC</Category>                 <Key-indicator-variables>                   <Key-indicator name="Resource use intensity">                     <Indicator-data-values>                       <Indicator-data>                         <Data-descriptions>                           <Data-description lang="en">We estimate changes in resource use intensity by reclassifying the reconstructed land cover classes for 1700 and 2000 from the Anthrome products (Ellis et al. 2010). We crossed the potential distribution of the Macrogroup with the distinct woodland cover classes, and calculated the proportion of area that changed between the two Anthromes layers from low intensity ('wild woodlands' or 'used woodlands') to high intensity of use ('populated woodlands' or 'residential woodlands'). We assume that the class 'Natural woodlands' represents natural conditions and the other classes represent increasing amounts of disruption leading to collapse ('Natural'  less than  'Used'  less than  'Populated'  less than  'Residential'). We considered equal step weights for changes between consecutive classes, thus a change from 'Natural' to 'Used' or from 'Used' to 'Populated' was represented as RS=25%, while a change from 'Natural' to 'Populated' or from 'Used' to 'Residential' would be represented by RS=50%, etc. We do not have a quantitative estimate of collapse, but assume that the class 'Natural woodlands' represents natural conditions and the other classes represent increasing amounts of disruption leading to collapse ('Natural'  less than  'Used'  less than  'Populated'  less than  'Residential').</Data-description>                         </Data-descriptions>                         <Data-source>Ellis, E.C., Goldewijk, K.K., Siebert, S., Lightman, D. and Ramankutty, N. (2010). Anthropogenic transformation of the biomes, 1700 to 2000. Glob. Ecol. Biogeogr., 19, 589–606.</Data-source>                         <Values method="inferred">                           <Value level="1">                             <Year>2000</Year>                             <Indicator-value units=""/>                             <Extent units="%">23.9</Extent>                             <Severity units="%"> greater than 50</Severity>                           </Value>                           <Value level="2">                             <Year>2000</Year>                             <Indicator-value units=""/>                             <Extent units="%">2.4</Extent>                             <Severity units="%"> greater than 70</Severity>                           </Value>                           <Value level="3">                             <Year>2000</Year>                             <Indicator-value units=""/>                             <Extent units="%">0</Extent>                             <Severity units="%"> greater than 90</Severity>                           </Value>                         </Values>                       </Indicator-data>                     </Indicator-data-values>                     <Overall-Extent units="%" method="inferred">100</Overall-Extent>                     <Overall-Severity units="%" method="inferred">20.3</Overall-Severity>                     <Collapse-threshold units="%"></Collapse-threshold>                   </Key-indicator>                 </Key-indicator-variables>               </Subcriterion>             </Subcriterions>           </Criterion>           <Criterion name="E">             <Summaries>               <Summary lang="en">No quantitative assessment of ecosystem collapse was performed for this assessment unit.</Summary>             </Summaries>             <Rationales>               <Rationale lang="en">This criterion was not evaluated.</Rationale>             </Rationales>             <Category>NE</Category>           </Criterion>         </Criterions>       </Assessment-unit>     </Ecosystem-Risk-Assessment>     <Content-Curations>       <content-curation date="2020-04-30" updated-by="Rsaurio" status="auto-generated-test">         <edit-description>XML document generation through R-scripts</edit-description>       </content-curation>     </Content-Curations>   </Case-Study> </Case-Studies>
